<metadata xml:lang="en"><Esri><CreaDate>20150415</CreaDate><CreaTime>16361600</CreaTime><ArcGISFormat>1.0</ArcGISFormat><ArcGISstyle>North American Profile of ISO19115 2003</ArcGISstyle><SyncOnce>FALSE</SyncOnce><DataProperties><lineage><Process Name="Create Table (3)" ToolSource="c:\program files (x86)\arcgis\desktop10.1\ArcToolbox\Toolboxes\Data Management Tools.tbx\CreateTable" Date="20140926" Time="115350">CreateTable \\os.uga.edu\onu-ocha\working\Process_Files\CODServices\CreateTemplateGDB\XXX_AdminBoundaries_working.gdb Admin_Lookup_Table # #</Process><Process Name="Add Field (19)" ToolSource="c:\program files (x86)\arcgis\desktop10.1\ArcToolbox\Toolboxes\Data Management Tools.tbx\AddField" Date="20140926" Time="115351">AddField \\os.uga.edu\onu-ocha\working\Process_Files\CODServices\CreateTemplateGDB\XXX_AdminBoundaries_working.gdb\Admin_Lookup_Table fileName TEXT # # 100 # NULLABLE NON_REQUIRED #</Process><Process Name="Add Field (20)" ToolSource="c:\program files (x86)\arcgis\desktop10.1\ArcToolbox\Toolboxes\Data Management Tools.tbx\AddField" Date="20140926" Time="115352">AddField \\os.uga.edu\onu-ocha\working\Process_Files\CODServices\CreateTemplateGDB\XXX_AdminBoundaries_working.gdb\Admin_Lookup_Table adminUnitLevelNumber SHORT # # # # NULLABLE NON_REQUIRED #</Process><Process Name="Add Field (23)" ToolSource="c:\program files (x86)\arcgis\desktop10.1\ArcToolbox\Toolboxes\Data Management Tools.tbx\AddField" Date="20140926" Time="115432">AddField \\os.uga.edu\onu-ocha\working\Process_Files\CODServices\CreateTemplateGDB\XXX_AdminBoundaries_working.gdb\Admin_Lookup_Table adminUnitLevelTitle TEXT # # 50 # NULLABLE NON_REQUIRED #</Process><Process Name="Add Field (23)" ToolSource="c:\program files (x86)\arcgis\desktop10.1\ArcToolbox\Toolboxes\Data Management Tools.tbx\AddField" Date="20140926" Time="115433">AddField \\os.uga.edu\onu-ocha\working\Process_Files\CODServices\CreateTemplateGDB\XXX_AdminBoundaries_working.gdb\Admin_Lookup_Table adminUnitLocalTitle TEXT # # 50 # NULLABLE NON_REQUIRED #</Process><Process ToolSource="c:\program files (x86)\arcgis\desktop10.1\ArcToolbox\Toolboxes\Data Management Tools.tbx\CalculateField" Date="20150121" Time="170733">CalculateField AdminUnit_Lookup_Table validOn "01/22/2015" VB #</Process><Process ToolSource="c:\program files (x86)\arcgis\desktop10.1\ArcToolbox\Toolboxes\Data Management Tools.tbx\CalculateField" Date="20150409" Time="135252">CalculateField AdminUnit_Lookup_Table validOn "09 APR 2015" VB #</Process><Process ToolSource="c:\program files (x86)\arcgis\desktop10.1\ArcToolbox\Toolboxes\Data Management Tools.tbx\CalculateField" Date="20150409" Time="135308">CalculateField AdminUnit_Lookup_Table validOn "08 APR 2015" VB #</Process><Process ToolSource="c:\program files (x86)\arcgis\desktop10.1\ArcToolbox\Toolboxes\Conversion Tools.tbx\TableToTable" Date="20150506" Time="144202">TableToTable "K:\working\Process_Files\CODServices\COD_MLI (newPcodes)\Candidates\MLI_AdminBoundaries_candidate.gdb\AdminUnit_Lookup_Table" "Database Connections\gist@sde101_gist_hxl.sde" mali_table # "adminUnitLevelNumber "adminUnitLevelNumber" true true false 2 Short 0 0 ,First,#,K:\working\Process_Files\CODServices\COD_MLI (newPcodes)\Candidates\MLI_AdminBoundaries_candidate.gdb\AdminUnit_Lookup_Table,adminUnitLevelNumber,-1,-1;adminUnitLevelTitle "adminUnitLevelTitle" true true false 50 Text 0 0 ,First,#,K:\working\Process_Files\CODServices\COD_MLI (newPcodes)\Candidates\MLI_AdminBoundaries_candidate.gdb\AdminUnit_Lookup_Table,adminUnitLevelTitle,-1,-1;adminUnitLocalTitle "adminUnitLocalTitle" true true false 50 Text 0 0 ,First,#,K:\working\Process_Files\CODServices\COD_MLI (newPcodes)\Candidates\MLI_AdminBoundaries_candidate.gdb\AdminUnit_Lookup_Table,adminUnitLocalTitle,-1,-1;date "date" true true false 8 Date 0 0 ,First,#,K:\working\Process_Files\CODServices\COD_MLI (newPcodes)\Candidates\MLI_AdminBoundaries_candidate.gdb\AdminUnit_Lookup_Table,date,-1,-1;validOn "validOn" true true false 8 Date 0 0 ,First,#,K:\working\Process_Files\CODServices\COD_MLI (newPcodes)\Candidates\MLI_AdminBoundaries_candidate.gdb\AdminUnit_Lookup_Table,validOn,-1,-1;validTo "validTo" true true false 8 Date 0 0 ,First,#,K:\working\Process_Files\CODServices\COD_MLI (newPcodes)\Candidates\MLI_AdminBoundaries_candidate.gdb\AdminUnit_Lookup_Table,validTo,-1,-1" #</Process><Process ToolSource="c:\program files (x86)\arcgis\desktop10.2\ArcToolbox\Toolboxes\Conversion Tools.tbx\TableToTable" Date="20150522" Time="140750">TableToTable "C:\GISProjects\Karen_project\Connection to sqlserver.itos.uga.edu.sde_Production.sde\sde101_gist_hxl.GIST.COD_MLI_AdminUnit_Lookup" C:\GISProjects\Karen_project\MLI_PopulatedPlaces_output\MLI_PopulatedPlaces_GDB102\MLI_PopulatedPlaces_GDB102.gdb COD_MLI_AdminUnit_Lookup # "adminUnitLevelNumber "adminUnitLevelNumber" true true false 2 Short 0 5 ,First,#,C:\GISProjects\Karen_project\Connection to sqlserver.itos.uga.edu.sde_Production.sde\sde101_gist_hxl.GIST.COD_MLI_AdminUnit_Lookup,adminUnitLevelNumber,-1,-1;adminUnitLevelTitle "adminUnitLevelTitle" true true false 50 Text 0 0 ,First,#,C:\GISProjects\Karen_project\Connection to sqlserver.itos.uga.edu.sde_Production.sde\sde101_gist_hxl.GIST.COD_MLI_AdminUnit_Lookup,adminUnitLevelTitle,-1,-1;adminUnitLocalTitle "adminUnitLocalTitle" true true false 50 Text 0 0 ,First,#,C:\GISProjects\Karen_project\Connection to sqlserver.itos.uga.edu.sde_Production.sde\sde101_gist_hxl.GIST.COD_MLI_AdminUnit_Lookup,adminUnitLocalTitle,-1,-1;date "date" true true false 36 Date 0 0 ,First,#,C:\GISProjects\Karen_project\Connection to sqlserver.itos.uga.edu.sde_Production.sde\sde101_gist_hxl.GIST.COD_MLI_AdminUnit_Lookup,date,-1,-1;validOn "validOn" true true false 36 Date 0 0 ,First,#,C:\GISProjects\Karen_project\Connection to sqlserver.itos.uga.edu.sde_Production.sde\sde101_gist_hxl.GIST.COD_MLI_AdminUnit_Lookup,validOn,-1,-1;validTo "validTo" true true false 36 Date 0 0 ,First,#,C:\GISProjects\Karen_project\Connection to sqlserver.itos.uga.edu.sde_Production.sde\sde101_gist_hxl.GIST.COD_MLI_AdminUnit_Lookup,validTo,-1,-1" #</Process><Process ToolSource="c:\program files (x86)\arcgis\desktop10.2\ArcToolbox\Toolboxes\Conversion Tools.tbx\TableToTable" Date="20150522" Time="140754">TableToTable C:\GISProjects\Karen_project\MLI_PopulatedPlaces_output\MLI_PopulatedPlaces_GDB102\MLI_PopulatedPlaces_GDB102.gdb\COD_MLI_AdminUnit_Lookup C:\GISProjects\Karen_project\MLI_PopulatedPlaces_output\MLI_PopulatedPlaces_SHP COD_MLI_AdminUnit_Lookup # "adminUnitL "adminUnitLevelNumber" true true false 2 Short 0 0 ,First,#,C:\GISProjects\Karen_project\MLI_PopulatedPlaces_output\MLI_PopulatedPlaces_GDB102\MLI_PopulatedPlaces_GDB102.gdb\COD_MLI_AdminUnit_Lookup,adminUnitLevelNumber,-1,-1;adminUni_1 "adminUnitLevelTitle" true true false 50 Text 0 0 ,First,#,C:\GISProjects\Karen_project\MLI_PopulatedPlaces_output\MLI_PopulatedPlaces_GDB102\MLI_PopulatedPlaces_GDB102.gdb\COD_MLI_AdminUnit_Lookup,adminUnitLevelTitle,-1,-1;adminUni_2 "adminUnitLocalTitle" true true false 50 Text 0 0 ,First,#,C:\GISProjects\Karen_project\MLI_PopulatedPlaces_output\MLI_PopulatedPlaces_GDB102\MLI_PopulatedPlaces_GDB102.gdb\COD_MLI_AdminUnit_Lookup,adminUnitLocalTitle,-1,-1;date "date" true true false 8 Date 0 0 ,First,#,C:\GISProjects\Karen_project\MLI_PopulatedPlaces_output\MLI_PopulatedPlaces_GDB102\MLI_PopulatedPlaces_GDB102.gdb\COD_MLI_AdminUnit_Lookup,date,-1,-1;validOn "validOn" true true false 8 Date 0 0 ,First,#,C:\GISProjects\Karen_project\MLI_PopulatedPlaces_output\MLI_PopulatedPlaces_GDB102\MLI_PopulatedPlaces_GDB102.gdb\COD_MLI_AdminUnit_Lookup,validOn,-1,-1;validTo "validTo" true true false 8 Date 0 0 ,First,#,C:\GISProjects\Karen_project\MLI_PopulatedPlaces_output\MLI_PopulatedPlaces_GDB102\MLI_PopulatedPlaces_GDB102.gdb\COD_MLI_AdminUnit_Lookup,validTo,-1,-1" #</Process></lineage><itemProps><itemLocation><linkage Sync="TRUE">file://\\HPENG\C\GISProjects\Karen_project\MLI_PopulatedPlaces_output\MLI_PopulatedPlaces_SHP\COD_MLI_AdminUnit_Lookup.dbf</linkage><protocol Sync="TRUE">Local Area Network</protocol></itemLocation><itemName Sync="TRUE">COD_MLI_AdminUnit_Lookup</itemName><imsContentType Sync="TRUE">002</imsContentType><itemSize Sync="TRUE">0.000</itemSize></itemProps></DataProperties><SyncDate>20150522</SyncDate><SyncTime>14075400</SyncTime><ModDate>20150522</ModDate><ModTime>14075400</ModTime></Esri><dataIdInfo><envirDesc Sync="TRUE"> Version 6.2 (Build 9200) ; Esri ArcGIS 10.2.0.3348</envirDesc><dataLang><languageCode value="eng" Sync="TRUE"/><countryCode value="USA" Sync="TRUE"/></dataLang><idCitation><resTitle Sync="TRUE">COD_MLI_AdminUnit_Lookup</resTitle><presForm><PresFormCd value="011" Sync="TRUE"/></presForm></idCitation><spatRpType><SpatRepTypCd value="003" Sync="TRUE"></SpatRepTypCd></spatRpType></dataIdInfo><mdLang><languageCode value="eng" Sync="TRUE"/><countryCode value="USA" Sync="TRUE"/></mdLang><distInfo><distFormat><formatName Sync="TRUE">dBASE Table</formatName></distFormat><distTranOps><transSize Sync="TRUE">0.000</transSize></distTranOps></distInfo><mdHrLv><ScopeCd value="007" Sync="TRUE"/></mdHrLv><mdHrLvName Sync="TRUE">dataset</mdHrLvName><eainfo><detailed Name="COD_MLI_AdminUnit_Lookup"><enttyp><enttypl Sync="TRUE">COD_MLI_AdminUnit_Lookup</enttypl><enttypt Sync="TRUE">Table</enttypt><enttypc Sync="TRUE">0</enttypc></enttyp><attr><attrlabl Sync="TRUE">OID</attrlabl><attalias Sync="TRUE">OID</attalias><attrtype Sync="TRUE">OID</attrtype><attwidth Sync="TRUE">4</attwidth><atprecis Sync="TRUE">0</atprecis><attscale Sync="TRUE">0</attscale><attrdef Sync="TRUE">Internal feature number.</attrdef><attrdefs Sync="TRUE">Esri</attrdefs><attrdomv><udom Sync="TRUE">Sequential unique whole numbers that are automatically generated.</udom></attrdomv></attr><attr><attrlabl Sync="TRUE">adminUnitL</attrlabl><attalias Sync="TRUE">adminUnitL</attalias><attrtype Sync="TRUE">SmallInteger</attrtype><attwidth Sync="TRUE">4</attwidth><atprecis Sync="TRUE">4</atprecis><attscale Sync="TRUE">0</attscale></attr><attr><attrlabl Sync="TRUE">adminUni_1</attrlabl><attalias Sync="TRUE">adminUni_1</attalias><attrtype Sync="TRUE">String</attrtype><attwidth Sync="TRUE">50</attwidth><atprecis Sync="TRUE">0</atprecis><attscale Sync="TRUE">0</attscale></attr><attr><attrlabl Sync="TRUE">adminUni_2</attrlabl><attalias Sync="TRUE">adminUni_2</attalias><attrtype Sync="TRUE">String</attrtype><attwidth Sync="TRUE">50</attwidth><atprecis Sync="TRUE">0</atprecis><attscale Sync="TRUE">0</attscale></attr><attr><attrlabl Sync="TRUE">date</attrlabl><attalias Sync="TRUE">date</attalias><attrtype Sync="TRUE">Date</attrtype><attwidth Sync="TRUE">8</attwidth><atprecis Sync="TRUE">0</atprecis><attscale Sync="TRUE">0</attscale></attr><attr><attrlabl Sync="TRUE">validOn</attrlabl><attalias Sync="TRUE">validOn</attalias><attrtype Sync="TRUE">Date</attrtype><attwidth Sync="TRUE">8</attwidth><atprecis Sync="TRUE">0</atprecis><attscale Sync="TRUE">0</attscale></attr><attr><attrlabl Sync="TRUE">validTo</attrlabl><attalias Sync="TRUE">validTo</attalias><attrtype Sync="TRUE">Date</attrtype><attwidth Sync="TRUE">8</attwidth><atprecis Sync="TRUE">0</atprecis><attscale Sync="TRUE">0</attscale></attr></detailed></eainfo><mdDateSt Sync="TRUE">20150522</mdDateSt></metadata>
